"email","first_name","last_name","company","city","country","title","source","category","published_at","detail_url","employer_website"
"bewerbung@stewa.de","","","STEWA Touristik GmbH","Frankfurt am Main","Germany","Reisebusfahrer (m/w/d)","meinestadt","Logistik, Lager & Verkehr","Aktualisiert","https://jobs.meinestadt.de/frankfurt-am-main/premium?id=100012410269003","https://api.relaxx.center/r/9bb624cb51ea47d8b1a317dd6d0eaebb?pid=2592881&mpid=1496205&prid=23824&tid=30"
"bewerbung@stewa.de","","","STEWA Touristik GmbH","Aschaffenburg","Germany","Reisebusfahrer (m/w/d)","meinestadt","Logistik, Lager & Verkehr","Aktualisiert","https://jobs.meinestadt.de/aschaffenburg/premium?id=100012410269002","https://api.relaxx.center/r/9bb624cb51ea47d8b1a317dd6d0eaebb?pid=2592881&mpid=1496205&prid=23824&tid=30"
"bewerbung@stewa.de","","","STEWA Touristik GmbH","Kleinostheim","Germany","Reisebusfahrer (m/w/d)","meinestadt","Logistik, Lager & Verkehr","Aktualisiert","https://jobs.meinestadt.de/kleinostheim/premium?id=100012410269001","https://api.relaxx.center/r/9bb624cb51ea47d8b1a317dd6d0eaebb?pid=2592881&mpid=1496205&prid=23824&tid=30"
"marketing@actief-personal.de","","","ACTIEF Personalmanagement GmbH","Sonneberg","Germany","Staplerfahrer / Gabelstaplerfahrer / Lagermitarbeiter (m/w/d)","meinestadt","Logistik, Lager & Verkehr","Neu","https://jobs.meinestadt.de/sonneberg/premium?id=100012548908","https://www.actief-personal.de/"
"noreply@dpdhl.com","","","Deutsche Post AG","Neu-Ulm","Germany","Lkw Fahrer - Nahverkehr (m/w/d)","meinestadt","Logistik, Lager & Verkehr","Neu","https://jobs.meinestadt.de/neu-ulm/premium?id=100012547709","https://nz8ie.app.link/portal-jobs-teaser"
"noreply@dpdhl.com","","","Deutsche Post AG","Weingarten/Württemberg","Germany","Lkw Fahrer - Nahverkehr (m/w/d)","meinestadt","Logistik, Lager & Verkehr","Neu","https://jobs.meinestadt.de/weingarten-wuerttemberg/premium?id=100012547708","https://nz8ie.app.link/portal-jobs-teaser"
"personal@ehrt.de","","","EHRT Maschinenbau GmbH & Co. KG","Rheinbreitbach","Germany","Speditionskaufmann / Export-Sachbearbeiter / kaufmännischer Mitarbeiter (m/ w/ d)","meinestadt","Logistik, Lager & Verkehr","Neu","https://jobs.meinestadt.de/rheinbreitbach/premium?id=100012547699","https://api.relaxx.center/r/6d5ae31d64544e909872d70ae5310eee?pid=2596521&mpid=1497393&prid=1096629&tid=30"
"michael.kuba@se-huber.de","","","se Huber GmbH & Co KG","Straubing","Germany","LKW-Fahrer (m/w/d)","meinestadt","Logistik, Lager & Verkehr","Neu","https://jobs.meinestadt.de/straubing/premium?id=100012547696","https://api.relaxx.center/r/8f9ff0b29db74998bb8043d2b81e1a9e?pid=2596089&mpid=1497295&prid=1088139&tid=30"
"bewerbung@bauunternehmung-beck.de","","","Augustin Beck GmbH & Co. KG","Memmingen","Germany","LKW-Fahrer (m/w/d)","meinestadt","Logistik, Lager & Verkehr","Neu","https://jobs.meinestadt.de/memmingen/premium?id=100012535650","https://nz8ie.app.link/portal-jobs-teaser"
"noreply@dpdhl.com","","","Deutsche Post AG","Ansbach","Germany","Postbote für Briefe und Pakete (m/w/d) in Herrieden","meinestadt","Logistik, Lager & Verkehr","Neu","https://jobs.meinestadt.de/ansbach/premium?id=100012529690","https://nz8ie.app.link/portal-jobs-teaser"
"karriere-kas@blutspende.de","","","DRK-Blutspendedienst Baden-Württemberg - Hessen gGmbH","Kassel","Germany","Kraftfahrer C oder CE / LKW-Fahrer Blutspende-Aktionen (m/w/d)","meinestadt","Logistik, Lager & Verkehr","Aktualisiert","https://jobs.meinestadt.de/kassel-documenta-stadt/premium?id=100012402540","https://karriere.blutspende.de/offer/kraftfahrer-c-oder-ce-lkw-fahrer-bl/be3ac471-7d90-42de-94de-c62e68a69187?showApplicationForm=true&utm_source=meinestadt&utm_medium=jobboard&utm_campaign=kraftfahrer_030626_premiumpush"
"bewerbungost@bwbm.de","","","Bw Bekleidungsmanagement GmbH","Bad Schandau","Germany","Mitarbeiter in der Aufbereitung (w/m/d)","meinestadt","Logistik, Lager & Verkehr","Aktualisiert","https://jobs.meinestadt.de/bad-schandau/premium?id=100012341797","https://www.bwbm.de/datenschutz"
"anna.weber@transgourmet.de","","","Transgourmet Deutschland GmbH & Co. OHG","Roggentin b. Rostock","Germany","Kraftfahrer (m/w/d) im Raum Rostock","meinestadt","Logistik, Lager & Verkehr","Aktualisiert","https://jobs.meinestadt.de/roggentin-rostock/premium?id=100012341795","https://job.transgourmet.de/p/personalwerk/jobs/31154/apply"
"noreply@dpdhl.com","","","Deutsche Post AG","Lebach","Germany","Postbote für Pakete und Briefe (m/w/d)","meinestadt","Logistik, Lager & Verkehr","Aktualisiert","https://jobs.meinestadt.de/lebach/premium?id=100012340761","https://nz8ie.app.link/portal-jobs-teaser"
"noreply@dpdhl.com","","","Deutsche Post AG","Riegelsberg","Germany","Postbote für Pakete und Briefe (m/w/d)","meinestadt","Logistik, Lager & Verkehr","Aktualisiert","https://jobs.meinestadt.de/riegelsberg/premium?id=100012340756","https://nz8ie.app.link/portal-jobs-teaser"
"recruiting@eriks.de","","","ERIKS Deutschland GmbH","Halle/Westfalen","Germany","Logistiker (m/w/d)","meinestadt","Logistik, Lager & Verkehr","Aktualisiert","https://jobs.meinestadt.de/halle-westfalen/premium?id=100012340675","https://nz8ie.app.link/portal-jobs-teaser"
"anna.weber@transgourmet.de","","","Transgourmet Deutschland GmbH & Co. OHG","Landsberg/Halle","Germany","Kraftfahrer (m/w/d) im Raum Erfurt","meinestadt","Logistik, Lager & Verkehr","Aktualisiert","https://jobs.meinestadt.de/landsberg-halle/premium?id=100012336468","https://job.transgourmet.de/p/personalwerk/jobs/31353/apply"
"noreply@dpdhl.com","","","Deutsche Post AG","Wiesenttal","Germany","Postbote für Pakete und Briefe (m/w/d)","meinestadt","Logistik, Lager & Verkehr","Aktualisiert","https://jobs.meinestadt.de/wiesenttal/premium?id=100012332099","https://nz8ie.app.link/portal-jobs-teaser"
"bewerbungen@nox-nachtexpress.de","","","nox Germany GmbH","Niederaula","Germany","Tourenbetreuer (m/w/d)","meinestadt","Logistik, Lager & Verkehr","Aktualisiert","https://jobs.meinestadt.de/niederaula/premium?id=100012259170","https://api.relaxx.center/r/27792b7bbc33474385570906c4de256c?pid=2589869&mpid=1495295&prid=1096939&tid=30"
"michi.raedle@gmail.com","","","Powers GmbH","Augsburg","Germany","Speditionskaufmann / Disponent (m/w/d)","meinestadt","Logistik, Lager & Verkehr","Aktualisiert","https://jobs.meinestadt.de/augsburg/premium?id=100012259161","http://www.powers.de"
"bewerbung@herkulesgroup.com","","","Maschinenfabrik Herkules Meuselwitz GmbH","Meuselwitz","Germany","Leiter Logistik (alle Geschlechter)","meinestadt","Logistik, Lager & Verkehr","Aktualisiert","https://jobs.meinestadt.de/meuselwitz/premium?id=100012171743","https://jobs.herkulesgroup.de/Vacancies/710/Application/New/1"
"bewerbung@wd-plus.de","","","Ganz Einfach GmbH","Hannover","Germany","Staplerfahrer (m/w/d)","meinestadt","Logistik, Lager & Verkehr","Aktualisiert","https://jobs.meinestadt.de/hannover/premium?id=100012165291","https://nz8ie.app.link/portal-jobs-teaser"
"bewerbung@heppler.de","","","Heppler Group","Spaichingen","Germany","Mitarbeiter Folgeprozesse / Nachbearbeitung (m/w/d)","meinestadt","Logistik, Lager & Verkehr","Aktualisiert","https://jobs.meinestadt.de/spaichingen/premium?id=100012162959","https://nz8ie.app.link/portal-jobs-teaser"
"noreply@dpdhl.com","","","Deutsche Post AG","Amberg","Germany","Postbote für Briefe und Pakete (m/w/d)","meinestadt","Logistik, Lager & Verkehr","Aktualisiert","https://jobs.meinestadt.de/amberg-oberpfalz/premium?id=100012161079","https://nz8ie.app.link/portal-jobs-teaser"
"noreply@dpdhl.com","","","Deutsche Post AG","München","Germany","Postbote für Pakete und Briefe (m/w/d)","meinestadt","Logistik, Lager & Verkehr","Aktualisiert","https://jobs.meinestadt.de/muenchen/premium?id=100012161078","https://nz8ie.app.link/portal-jobs-teaser"
"noreply@dpdhl.com","","","Deutsche Post AG","Markt Schwaben","Germany","Postbote für Pakete und Briefe (m/w/d)","meinestadt","Logistik, Lager & Verkehr","Aktualisiert","https://jobs.meinestadt.de/markt-schwaben/premium?id=100012161077","https://nz8ie.app.link/portal-jobs-teaser"
"karriere@hydrotechnik.de","","","Hydrotechnik GmbH","Limburg a.d. Lahn","Germany","Logistikleiter (m/w/d) - Transformation, Digitalisierung & Effizienz","meinestadt","Logistik, Lager & Verkehr","Aktualisiert","https://jobs.meinestadt.de/limburg-lahn/premium?id=100012161073","https://www.hydrotechnik.com/de/"
"bewerbung@fiwarec.de","","","FiWaRec® GmbH","Föhren","Germany","Fachlagerist (m/w/d)","meinestadt","Logistik, Lager & Verkehr","Aktualisiert","https://jobs.meinestadt.de/foehren/premium?id=100012068329","https://www.fiwarec.de/de/"
"personal@ohra.de","","","OHRA Regalanlagen GmbH","Kerpen/Rhein-Erft","Germany","Lagermitarbeiter / Kommissionierer (m/w/d) Kerpen","meinestadt","Logistik, Lager & Verkehr","Aktualisiert","https://jobs.meinestadt.de/kerpen-rhein-erft/premium?id=100012068314","https://www.ohra.de"
"noreply@dpdhl.com","","","Deutsche Post AG","Bad Mergentheim","Germany","Postbote für Pakete und Briefe (m/w/d)","meinestadt","Logistik, Lager & Verkehr","Aktualisiert","https://jobs.meinestadt.de/bad-mergentheim/premium?id=100012063996","https://nz8ie.app.link/portal-jobs-teaser"
"noreply@dpdhl.com","","","Deutsche Post AG","Ulm","Germany","Postbote für Briefe (m/w/d)","meinestadt","Logistik, Lager & Verkehr","Aktualisiert","https://jobs.meinestadt.de/ulm/premium?id=100012029360","https://nz8ie.app.link/portal-jobs-teaser"
"bewerbung@ontaro.de","","","ONTARO GmbH","Köln","Germany","Mitarbeiter Lager & Logistik (m/w/d)","meinestadt","Logistik, Lager & Verkehr","Aktualisiert","https://jobs.meinestadt.de/koeln/premium?id=100011977089","https://nz8ie.app.link/portal-jobs-teaser"
"job@polytan.com","","","POLYTAN GmbH","Ahrensfelde","Germany","Disponent & LKW-Fahrer (m/w/d)","meinestadt","Logistik, Lager & Verkehr","Aktualisiert","https://jobs.meinestadt.de/ahrensfelde/premium?id=100011939586","https://api.relaxx.center/r/92c25da7684a4220a285909215d8b817?pid=2579897&mpid=1492063&prid=23824&tid=30"
"neumann@neumann-personal.de","","","Dummer GmbH","Schwerin","Germany","Berufskraftfahrer (m/w/d)","meinestadt","Logistik, Lager & Verkehr","Aktualisiert","https://jobs.meinestadt.de/schwerin-mecklenburg/premium?id=100011936260","https://nz8ie.app.link/portal-jobs-teaser"
"bewerbung@koehra.de","","","KÖHRA - Frische GmbH","Belgershain","Germany","Fuhrparkleiter / Disponent Nahverkehr / Logistikleiter (m/w/d)","meinestadt","Logistik, Lager & Verkehr","Aktualisiert","https://jobs.meinestadt.de/belgershain/premium?id=100011933153","https://www.koehra.de/"
"boedecker@heinzundhorn.de","","","Heinz + Horn GmbH","Ramstein-Miesenbach","Germany","LKW-Fahrer (m/w/d) Klasse C - Regionale Tagestouren (Wäscheservice)","meinestadt","Logistik, Lager & Verkehr","Aktualisiert","https://jobs.meinestadt.de/ramstein-miesenbach/premium?id=100011927641","https://nz8ie.app.link/portal-jobs-teaser"
"noreply@dpdhl.com","","","Deutsche Post AG","Nürnberg","Germany","Paketzusteller (m/w/d)","meinestadt","Logistik, Lager & Verkehr","Aktualisiert","https://jobs.meinestadt.de/nuernberg/premium?id=100011899617","https://nz8ie.app.link/portal-jobs-teaser"
"bewerbung@run-24.de","","","RUN 24 GmbH","Berlin","Germany","Servicemonteur (m/w/d) in der Kanalreinigung","meinestadt","Logistik, Lager & Verkehr","Aktualisiert","https://jobs.meinestadt.de/berlin/premium?id=100011696957","https://www.run-24.de/"
"personal@wilms-gruppe.de","","","WILMS Tiefkühl-Service GmbH","Niederkrüchten","Germany","Mitarbeiter Wareneingang (w/m/d)","meinestadt","Logistik, Lager & Verkehr","Aktualisiert","https://jobs.meinestadt.de/niederkruechten/premium?id=100011696948","https://www.wilms-tks.de/"
"kh@zoobedarf-hitzegrad.de","","","Hitzegrad® - Ihr BARF-Experte","Krefeld","Germany","Lagermitarbeiter (m/w/d) in Teilzeit/Vollzeit","meinestadt","Logistik, Lager & Verkehr","Aktualisiert","https://jobs.meinestadt.de/krefeld/premium?id=100011695177","https://nz8ie.app.link/portal-jobs-teaser"
"noreply@dpdhl.com","","","Deutsche Post AG","Erlangen","Germany","Paketzusteller (m/w/d)","meinestadt","Logistik, Lager & Verkehr","Aktualisiert","https://jobs.meinestadt.de/erlangen/premium?id=100011675917","https://nz8ie.app.link/portal-jobs-teaser"
"bewerbung@hemstedt.de","","","Hemstedt GmbH Heizleitungen & Kühlhaustechnik","Brackenheim","Germany","Fachkraft für Lagerlogistik / Lagermitarbeiter (m/w/d)","meinestadt","Logistik, Lager & Verkehr","Aktualisiert","https://jobs.meinestadt.de/brackenheim/premium?id=100011578959","https://www.hemstedt.de"
"bewerbung@elms-metering.de","","","ELMS Metering GmbH","Velbert","Germany","Quereinsteiger als Zählerableser (m/w/d)","meinestadt","Logistik, Lager & Verkehr","Aktualisiert","https://jobs.meinestadt.de/velbert/premium?id=100011577757","https://elms-metering.de/"
"emis@eismann.de","","","eismann Tiefkühl-Heimservice GmbH","Zwickau","Germany","Verkaufsfahrer (m/w/d) - gerne auch Quereinsteiger","meinestadt","Logistik, Lager & Verkehr","Aktualisiert","https://jobs.meinestadt.de/zwickau/premium?id=100010026864","https://www.eismannjobs.de/zentrale"
"emis@eismann.de","","","eismann Tiefkühl-Heimservice GmbH","Würzburg","Germany","Verkaufsfahrer (m/w/d) - gerne auch Quereinsteiger","meinestadt","Logistik, Lager & Verkehr","Aktualisiert","https://jobs.meinestadt.de/wuerzburg/premium?id=100010026863","https://www.eismannjobs.de/zentrale"
"emis@eismann.de","","","eismann Tiefkühl-Heimservice GmbH","Wolfsburg","Germany","Verkaufsfahrer (m/w/d) - gerne auch Quereinsteiger","meinestadt","Logistik, Lager & Verkehr","Aktualisiert","https://jobs.meinestadt.de/wolfsburg-niedersachsen/premium?id=100010026862","https://www.eismannjobs.de/zentrale"
"emis@eismann.de","","","eismann Tiefkühl-Heimservice GmbH","Wiesbaden","Germany","Verkaufsfahrer (m/w/d) - gerne auch Quereinsteiger","meinestadt","Logistik, Lager & Verkehr","Aktualisiert","https://jobs.meinestadt.de/wiesbaden/premium?id=100010026861","https://www.eismannjobs.de/zentrale"
"emis@eismann.de","","","eismann Tiefkühl-Heimservice GmbH","Stuttgart","Germany","Verkaufsfahrer (m/w/d) - gerne auch Quereinsteiger","meinestadt","Logistik, Lager & Verkehr","Aktualisiert","https://jobs.meinestadt.de/stuttgart/premium?id=100010026860","https://www.eismannjobs.de/zentrale"
"emis@eismann.de","","","eismann Tiefkühl-Heimservice GmbH","Sigmaringen","Germany","Verkaufsfahrer (m/w/d) - gerne auch Quereinsteiger","meinestadt","Logistik, Lager & Verkehr","Aktualisiert","https://jobs.meinestadt.de/sigmaringen/premium?id=100010026859","https://www.eismannjobs.de/zentrale"
"emis@eismann.de","","","eismann Tiefkühl-Heimservice GmbH","Siegen","Germany","Verkaufsfahrer (m/w/d) - gerne auch Quereinsteiger","meinestadt","Logistik, Lager & Verkehr","Aktualisiert","https://jobs.meinestadt.de/siegen/premium?id=100010026858","https://www.eismannjobs.de/zentrale"
"emis@eismann.de","","","eismann Tiefkühl-Heimservice GmbH","Schweinfurt","Germany","Verkaufsfahrer (m/w/d) - gerne auch Quereinsteiger","meinestadt","Logistik, Lager & Verkehr","Aktualisiert","https://jobs.meinestadt.de/schweinfurt/premium?id=100010026857","https://www.eismannjobs.de/zentrale"
"emis@eismann.de","","","eismann Tiefkühl-Heimservice GmbH","Schwäbisch Hall","Germany","Verkaufsfahrer (m/w/d) - gerne auch Quereinsteiger","meinestadt","Logistik, Lager & Verkehr","Aktualisiert","https://jobs.meinestadt.de/schwaebisch-hall/premium?id=100010026848","https://www.eismannjobs.de/zentrale"
"emis@eismann.de","","","eismann Tiefkühl-Heimservice GmbH","Salzgitter","Germany","Verkaufsfahrer (m/w/d) - gerne auch Quereinsteiger","meinestadt","Logistik, Lager & Verkehr","Aktualisiert","https://jobs.meinestadt.de/salzgitter/premium?id=100010026789","https://www.eismannjobs.de/zentrale"
"emis@eismann.de","","","eismann Tiefkühl-Heimservice GmbH","Saarbrücken","Germany","Verkaufsfahrer (m/w/d) - gerne auch Quereinsteiger","meinestadt","Logistik, Lager & Verkehr","Aktualisiert","https://jobs.meinestadt.de/saarbruecken/premium?id=100010026788","https://www.eismannjobs.de/zentrale"
"emis@eismann.de","","","eismann Tiefkühl-Heimservice GmbH","Rostock","Germany","Verkaufsfahrer (m/w/d) - gerne auch Quereinsteiger","meinestadt","Logistik, Lager & Verkehr","Aktualisiert","https://jobs.meinestadt.de/rostock/premium?id=100010026787","https://www.eismannjobs.de/zentrale"
"emis@eismann.de","","","eismann Tiefkühl-Heimservice GmbH","Rosenheim","Germany","Verkaufsfahrer (m/w/d) - gerne auch Quereinsteiger","meinestadt","Logistik, Lager & Verkehr","Aktualisiert","https://jobs.meinestadt.de/rosenheim-bayern/premium?id=100010026785","https://www.eismannjobs.de/zentrale"
"emis@eismann.de","","","eismann Tiefkühl-Heimservice GmbH","Reutlingen","Germany","Verkaufsfahrer (m/w/d) - gerne auch Quereinsteiger","meinestadt","Logistik, Lager & Verkehr","Aktualisiert","https://jobs.meinestadt.de/reutlingen/premium?id=100010026784","https://www.eismannjobs.de/zentrale"
"emis@eismann.de","","","eismann Tiefkühl-Heimservice GmbH","Potsdam","Germany","Verkaufsfahrer (m/w/d), gerne auch Quereinsteiger","meinestadt","Logistik, Lager & Verkehr","Aktualisiert","https://jobs.meinestadt.de/potsdam/premium?id=100010026783","https://www.eismannjobs.de/zentrale"
"emis@eismann.de","","","eismann Tiefkühl-Heimservice GmbH","Plauen","Germany","Verkaufsfahrer (m/w/d), gerne auch Quereinsteiger","meinestadt","Logistik, Lager & Verkehr","Aktualisiert","https://jobs.meinestadt.de/plauen/premium?id=100010026782","https://www.eismannjobs.de/zentrale"
"emis@eismann.de","","","eismann Tiefkühl-Heimservice GmbH","Pforzheim","Germany","Verkaufsfahrer (m/w/d), gerne auch Quereinsteiger","meinestadt","Logistik, Lager & Verkehr","Aktualisiert","https://jobs.meinestadt.de/pforzheim/premium?id=100010026781","https://www.eismannjobs.de/zentrale"
"emis@eismann.de","","","eismann Tiefkühl-Heimservice GmbH","Paderborn","Germany","Verkaufsfahrer (m/w/d), gerne auch Quereinsteiger","meinestadt","Logistik, Lager & Verkehr","Aktualisiert","https://jobs.meinestadt.de/paderborn/premium?id=100010026780","https://www.eismannjobs.de/zentrale"
"emis@eismann.de","","","eismann Tiefkühl-Heimservice GmbH","Osnabrück","Germany","Verkaufsfahrer (m/w/d), gerne auch Quereinsteiger","meinestadt","Logistik, Lager & Verkehr","Aktualisiert","https://jobs.meinestadt.de/osnabrueck/premium?id=100010026779","https://www.eismannjobs.de/zentrale"
"emis@eismann.de","","","eismann Tiefkühl-Heimservice GmbH","Offenburg","Germany","Verkaufsfahrer (m/w/d), gerne auch Quereinsteiger","meinestadt","Logistik, Lager & Verkehr","Aktualisiert","https://jobs.meinestadt.de/offenburg/premium?id=100010026778","https://www.eismannjobs.de/zentrale"
"emis@eismann.de","","","eismann Tiefkühl-Heimservice GmbH","Offenbach/Main","Germany","Verkaufsfahrer (m/w/d), gerne auch Quereinsteiger","meinestadt","Logistik, Lager & Verkehr","Aktualisiert","https://jobs.meinestadt.de/offenbach-am-main/premium?id=100010026777","https://www.eismannjobs.de/zentrale"
"emis@eismann.de","","","eismann Tiefkühl-Heimservice GmbH","Nürnberg","Germany","Verkaufsfahrer (m/w/d), gerne auch Quereinsteiger","meinestadt","Logistik, Lager & Verkehr","Aktualisiert","https://jobs.meinestadt.de/nuernberg/premium?id=100010026776","https://www.eismannjobs.de/zentrale"
"emis@eismann.de","","","eismann Tiefkühl-Heimservice GmbH","Neumarkt i.d. Oberpfalz","Germany","Verkaufsfahrer (m/w/d), gerne auch Quereinsteiger","meinestadt","Logistik, Lager & Verkehr","Aktualisiert","https://jobs.meinestadt.de/neumarkt-oberpfalz/premium?id=100010026775","https://www.eismannjobs.de/zentrale"
"emis@eismann.de","","","eismann Tiefkühl-Heimservice GmbH","Münster","Germany","Verkaufsfahrer (m/w/d), gerne auch Quereinsteiger","meinestadt","Logistik, Lager & Verkehr","Aktualisiert","https://jobs.meinestadt.de/muenster-westfalen/premium?id=100010026774","https://www.eismannjobs.de/zentrale"
"emis@eismann.de","","","eismann Tiefkühl-Heimservice GmbH","München","Germany","Verkaufsfahrer (m/w/d) - gerne auch Quereinsteiger","meinestadt","Logistik, Lager & Verkehr","Aktualisiert","https://jobs.meinestadt.de/muenchen/premium?id=100010026773","https://www.eismannjobs.de/zentrale"
"emis@eismann.de","","","eismann Tiefkühl-Heimservice GmbH","Moers","Germany","Verkaufsfahrer (m/w/d) - gerne auch Quereinsteiger","meinestadt","Logistik, Lager & Verkehr","Aktualisiert","https://jobs.meinestadt.de/moers/premium?id=100010026772","https://www.eismannjobs.de/zentrale"
"emis@eismann.de","","","eismann Tiefkühl-Heimservice GmbH","Mannheim","Germany","Verkaufsfahrer (m/w/d) - gerne auch Quereinsteiger","meinestadt","Logistik, Lager & Verkehr","Aktualisiert","https://jobs.meinestadt.de/mannheim/premium?id=100010026771","https://www.eismannjobs.de/zentrale"
"emis@eismann.de","","","eismann Tiefkühl-Heimservice GmbH","Mainz","Germany","Verkaufsfahrer (m/w/d) - gerne auch Quereinsteiger","meinestadt","Logistik, Lager & Verkehr","Aktualisiert","https://jobs.meinestadt.de/mainz/premium?id=100010026770","https://www.eismannjobs.de/zentrale"
"emis@eismann.de","","","eismann Tiefkühl-Heimservice GmbH","Magdeburg","Germany","Verkaufsfahrer (m/w/d) - gerne auch Quereinsteiger","meinestadt","Logistik, Lager & Verkehr","Aktualisiert","https://jobs.meinestadt.de/magdeburg/premium?id=100010026769","https://www.eismannjobs.de/zentrale"
"emis@eismann.de","","","eismann Tiefkühl-Heimservice GmbH","Ludwigsburg/Württemberg","Germany","Verkaufsfahrer (m/w/d) - gerne auch Quereinsteiger","meinestadt","Logistik, Lager & Verkehr","Aktualisiert","https://jobs.meinestadt.de/ludwigsburg-wuerttemberg/premium?id=100010026768","https://www.eismannjobs.de/zentrale"
"emis@eismann.de","","","eismann Tiefkühl-Heimservice GmbH","Lübeck","Germany","Verkaufsfahrer (m/w/d) - gerne auch Quereinsteiger","meinestadt","Logistik, Lager & Verkehr","Aktualisiert","https://jobs.meinestadt.de/luebeck/premium?id=100010026767","https://www.eismannjobs.de/zentrale"
"emis@eismann.de","","","eismann Tiefkühl-Heimservice GmbH","Leipzig","Germany","Verkaufsfahrer (m/w/d) - gerne auch Quereinsteiger","meinestadt","Logistik, Lager & Verkehr","Aktualisiert","https://jobs.meinestadt.de/leipzig/premium?id=100010026766","https://www.eismannjobs.de/zentrale"
"emis@eismann.de","","","eismann Tiefkühl-Heimservice GmbH","Krefeld","Germany","Verkaufsfahrer (m/w/d) - gerne auch Quereinsteiger","meinestadt","Logistik, Lager & Verkehr","Aktualisiert","https://jobs.meinestadt.de/krefeld/premium?id=100010026764","https://www.eismannjobs.de/zentrale"
"emis@eismann.de","","","eismann Tiefkühl-Heimservice GmbH","Koblenz","Germany","Verkaufsfahrer (m/w/d) - gerne auch Quereinsteiger","meinestadt","Logistik, Lager & Verkehr","Aktualisiert","https://jobs.meinestadt.de/koblenz/premium?id=100010026763","https://www.eismannjobs.de/zentrale"
"emis@eismann.de","","","eismann Tiefkühl-Heimservice GmbH","Kiel","Germany","Verkaufsfahrer (m/w/d), gerne auch Quereinsteiger","meinestadt","Logistik, Lager & Verkehr","Aktualisiert","https://jobs.meinestadt.de/kiel/premium?id=100010026762","https://www.eismannjobs.de/zentrale"
"emis@eismann.de","","","eismann Tiefkühl-Heimservice GmbH","Kempten (Allgäu)","Germany","Verkaufsfahrer (m/w/d), gerne auch Quereinsteiger","meinestadt","Logistik, Lager & Verkehr","Aktualisiert","https://jobs.meinestadt.de/kempten-allgaeu/premium?id=100010026761","https://www.eismannjobs.de/zentrale"
"emis@eismann.de","","","eismann Tiefkühl-Heimservice GmbH","Kassel","Germany","Verkaufsfahrer (m/w/d), gerne auch Quereinsteiger","meinestadt","Logistik, Lager & Verkehr","Aktualisiert","https://jobs.meinestadt.de/kassel-documenta-stadt/premium?id=100010026596","https://www.eismannjobs.de/zentrale"
"emis@eismann.de","","","eismann Tiefkühl-Heimservice GmbH","Karlsruhe","Germany","Verkaufsfahrer (m/w/d), gerne auch Quereinsteiger","meinestadt","Logistik, Lager & Verkehr","Aktualisiert","https://jobs.meinestadt.de/karlsruhe/premium?id=100010026595","https://www.eismannjobs.de/zentrale"
"emis@eismann.de","","","eismann Tiefkühl-Heimservice GmbH","Jena","Germany","Verkaufsfahrer (m/w/d), gerne auch Quereinsteiger","meinestadt","Logistik, Lager & Verkehr","Aktualisiert","https://jobs.meinestadt.de/jena/premium?id=100010026594","https://www.eismannjobs.de/zentrale"
"emis@eismann.de","","","eismann Tiefkühl-Heimservice GmbH","Ingolstadt","Germany","Verkaufsfahrer (m/w/d), gerne auch Quereinsteiger","meinestadt","Logistik, Lager & Verkehr","Aktualisiert","https://jobs.meinestadt.de/ingolstadt/premium?id=100010026593","https://www.eismannjobs.de/zentrale"
"emis@eismann.de","","","eismann Tiefkühl-Heimservice GmbH","Heilbronn","Germany","Verkaufsfahrer (m/w/d), gerne auch Quereinsteiger","meinestadt","Logistik, Lager & Verkehr","Aktualisiert","https://jobs.meinestadt.de/heilbronn/premium?id=100010026591","https://www.eismannjobs.de/zentrale"
"emis@eismann.de","","","eismann Tiefkühl-Heimservice GmbH","Heidelberg","Germany","Verkaufsfahrer (m/w/d), gerne auch Quereinsteiger","meinestadt","Logistik, Lager & Verkehr","Aktualisiert","https://jobs.meinestadt.de/heidelberg/premium?id=100010026590","https://www.eismannjobs.de/zentrale"
"emis@eismann.de","","","eismann Tiefkühl-Heimservice GmbH","Hannover","Germany","Verkaufsfahrer (m/w/d), gerne auch Quereinsteiger","meinestadt","Logistik, Lager & Verkehr","Aktualisiert","https://jobs.meinestadt.de/hannover/premium?id=100010026589","https://www.eismannjobs.de/zentrale"
"emis@eismann.de","","","eismann Tiefkühl-Heimservice GmbH","Hamm","Germany","Verkaufsfahrer (m/w/d), gerne auch Quereinsteiger","meinestadt","Logistik, Lager & Verkehr","Aktualisiert","https://jobs.meinestadt.de/hamm-westfalen/premium?id=100010026588","https://www.eismannjobs.de/zentrale"
"emis@eismann.de","","","eismann Tiefkühl-Heimservice GmbH","Hamburg","Germany","Verkaufsfahrer (m/w/d) - gerne auch Quereinsteiger","meinestadt","Logistik, Lager & Verkehr","Aktualisiert","https://jobs.meinestadt.de/hamburg/premium?id=100010026586","https://www.eismannjobs.de/zentrale"
"emis@eismann.de","","","eismann Tiefkühl-Heimservice GmbH","Halle (Saale)","Germany","Verkaufsfahrer (m/w/d) - gerne auch Quereinsteiger","meinestadt","Logistik, Lager & Verkehr","Aktualisiert","https://jobs.meinestadt.de/halle-saale/premium?id=100010026585","https://www.eismannjobs.de/zentrale"
"emis@eismann.de","","","eismann Tiefkühl-Heimservice GmbH","Göttingen","Germany","Verkaufsfahrer (m/w/d) - gerne auch Quereinsteiger","meinestadt","Logistik, Lager & Verkehr","Aktualisiert","https://jobs.meinestadt.de/goettingen/premium?id=100010026584","https://www.eismannjobs.de/zentrale"
"emis@eismann.de","","","eismann Tiefkühl-Heimservice GmbH","Vechta","Germany","Verkaufsfahrer (m/w/d) - gerne auch Quereinsteiger","meinestadt","Logistik, Lager & Verkehr","Aktualisiert","https://jobs.meinestadt.de/vechta/premium?id=100010026583","https://www.eismannjobs.de/zentrale"
"emis@eismann.de","","","eismann Tiefkühl-Heimservice GmbH","Goslar","Germany","Verkaufsfahrer (m/w/d) - gerne auch Quereinsteiger","meinestadt","Logistik, Lager & Verkehr","Aktualisiert","https://jobs.meinestadt.de/goslar/premium?id=100010026557","https://www.eismannjobs.de/zentrale"
"emis@eismann.de","","","eismann Tiefkühl-Heimservice GmbH","Görlitz","Germany","Verkaufsfahrer (m/w/d) - gerne auch Quereinsteiger","meinestadt","Logistik, Lager & Verkehr","Aktualisiert","https://jobs.meinestadt.de/goerlitz/premium?id=100010026556","https://www.eismannjobs.de/zentrale"
"emis@eismann.de","","","eismann Tiefkühl-Heimservice GmbH","Gießen","Germany","Verkaufsfahrer (m/w/d), gerne auch Quereinsteiger","meinestadt","Logistik, Lager & Verkehr","Aktualisiert","https://jobs.meinestadt.de/giessen/premium?id=100010026555","https://www.eismannjobs.de/zentrale"
"emis@eismann.de","","","eismann Tiefkühl-Heimservice GmbH","Gera","Germany","Verkaufsfahrer (m/w/d), gerne auch Quereinsteiger","meinestadt","Logistik, Lager & Verkehr","Aktualisiert","https://jobs.meinestadt.de/gera/premium?id=100010026554","https://www.eismannjobs.de/zentrale"
"emis@eismann.de","","","eismann Tiefkühl-Heimservice GmbH","Fulda","Germany","Verkaufsfahrer (m/w/d), gerne auch Quereinsteiger","meinestadt","Logistik, Lager & Verkehr","Aktualisiert","https://jobs.meinestadt.de/fulda/premium?id=100010026553","https://www.eismannjobs.de/zentrale"
"emis@eismann.de","","","eismann Tiefkühl-Heimservice GmbH","Friedrichshafen","Germany","Verkaufsfahrer (m/w/d), gerne auch Quereinsteiger","meinestadt","Logistik, Lager & Verkehr","Aktualisiert","https://jobs.meinestadt.de/friedrichshafen/premium?id=100010026552","https://www.eismannjobs.de/zentrale"
"emis@eismann.de","","","eismann Tiefkühl-Heimservice GmbH","Freiburg im Breisgau","Germany","Verkaufsfahrer (m/w/d), gerne auch Quereinsteiger","meinestadt","Logistik, Lager & Verkehr","Aktualisiert","https://jobs.meinestadt.de/freiburg-im-breisgau/premium?id=100010026551","https://www.eismannjobs.de/zentrale"
"emis@eismann.de","","","eismann Tiefkühl-Heimservice GmbH","Frankfurt am Main","Germany","Verkaufsfahrer (m/w/d) - gerne auch Quereinsteiger","meinestadt","Logistik, Lager & Verkehr","Aktualisiert","https://jobs.meinestadt.de/frankfurt-am-main/premium?id=100010026550","https://www.eismannjobs.de/zentrale"
"emis@eismann.de","","","eismann Tiefkühl-Heimservice GmbH","Essen/Ruhr","Germany","Verkaufsfahrer (m/w/d) - gerne auch Quereinsteiger","meinestadt","Logistik, Lager & Verkehr","Aktualisiert","https://jobs.meinestadt.de/essen-ruhr/premium?id=100010026549","https://www.eismannjobs.de/zentrale"
"emis@eismann.de","","","eismann Tiefkühl-Heimservice GmbH","Erfurt","Germany","Verkaufsfahrer (m/w/d) - gerne auch Quereinsteiger","meinestadt","Logistik, Lager & Verkehr","Aktualisiert","https://jobs.meinestadt.de/erfurt/premium?id=100010026548","https://www.eismannjobs.de/zentrale"
"emis@eismann.de","","","eismann Tiefkühl-Heimservice GmbH","Düsseldorf","Germany","Verkaufsfahrer (m/w/d) - gerne auch Quereinsteiger","meinestadt","Logistik, Lager & Verkehr","Aktualisiert","https://jobs.meinestadt.de/duesseldorf/premium?id=100010026546","https://www.eismannjobs.de/zentrale"
"emis@eismann.de","","","eismann Tiefkühl-Heimservice GmbH","Duisburg","Germany","Verkaufsfahrer (m/w/d) - gerne auch Quereinsteiger","meinestadt","Logistik, Lager & Verkehr","Aktualisiert","https://jobs.meinestadt.de/duisburg/premium?id=100010026545","https://www.eismannjobs.de/zentrale"
"emis@eismann.de","","","eismann Tiefkühl-Heimservice GmbH","Dresden","Germany","Verkaufsfahrer (m/w/d), gerne auch Quereinsteiger","meinestadt","Logistik, Lager & Verkehr","Aktualisiert","https://jobs.meinestadt.de/dresden/premium?id=100010026543","https://www.eismannjobs.de/zentrale"
"emis@eismann.de","","","eismann Tiefkühl-Heimservice GmbH","Dortmund","Germany","Verkaufsfahrer (m/w/d), gerne auch Quereinsteiger","meinestadt","Logistik, Lager & Verkehr","Aktualisiert","https://jobs.meinestadt.de/dortmund/premium?id=100010026542","https://www.eismannjobs.de/zentrale"
"emis@eismann.de","","","eismann Tiefkühl-Heimservice GmbH","Dessau-Roßlau","Germany","Verkaufsfahrer (m/w/d), gerne auch Quereinsteiger","meinestadt","Logistik, Lager & Verkehr","Aktualisiert","https://jobs.meinestadt.de/dessau-rosslau/premium?id=100010026541","https://www.eismannjobs.de/zentrale"
"emis@eismann.de","","","eismann Tiefkühl-Heimservice GmbH","Darmstadt","Germany","Verkaufsfahrer (m/w/d), gerne auch Quereinsteiger","meinestadt","Logistik, Lager & Verkehr","Aktualisiert","https://jobs.meinestadt.de/darmstadt-wissenschaftsstadt/premium?id=100010026540","https://www.eismannjobs.de/zentrale"
"emis@eismann.de","","","eismann Tiefkühl-Heimservice GmbH","Cottbus","Germany","Verkaufsfahrer (m/w/d), gerne auch Quereinsteiger","meinestadt","Logistik, Lager & Verkehr","Aktualisiert","https://jobs.meinestadt.de/cottbus/premium?id=100010026539","https://www.eismannjobs.de/zentrale"
"emis@eismann.de","","","eismann Tiefkühl-Heimservice GmbH","Coburg","Germany","Verkaufsfahrer (m/w/d) - gerne auch Quereinsteiger","meinestadt","Logistik, Lager & Verkehr","Aktualisiert","https://jobs.meinestadt.de/coburg/premium?id=100010026538","https://www.eismannjobs.de/zentrale"
"emis@eismann.de","","","eismann Tiefkühl-Heimservice GmbH","Chemnitz","Germany","Verkaufsfahrer (m/w/d) - gerne auch Quereinsteiger","meinestadt","Logistik, Lager & Verkehr","Aktualisiert","https://jobs.meinestadt.de/chemnitz/premium?id=100010026536","https://www.eismannjobs.de/zentrale"
"emis@eismann.de","","","eismann Tiefkühl-Heimservice GmbH","Cham","Germany","Verkaufsfahrer (m/w/d) - gerne auch Quereinsteiger","meinestadt","Logistik, Lager & Verkehr","Aktualisiert","https://jobs.meinestadt.de/cham/premium?id=100010026535","https://www.eismannjobs.de/zentrale"
"emis@eismann.de","","","eismann Tiefkühl-Heimservice GmbH","Brilon","Germany","Verkaufsfahrer (m/w/d) - gerne auch Quereinsteiger","meinestadt","Logistik, Lager & Verkehr","Aktualisiert","https://jobs.meinestadt.de/brilon/premium?id=100010026534","https://www.eismannjobs.de/zentrale"
"emis@eismann.de","","","eismann Tiefkühl-Heimservice GmbH","Bremen","Germany","Verkaufsfahrer (m/w/d) - gerne auch Quereinsteiger","meinestadt","Logistik, Lager & Verkehr","Aktualisiert","https://jobs.meinestadt.de/stadt-bremen/premium?id=100010026532","https://www.eismannjobs.de/zentrale"
"emis@eismann.de","","","eismann Tiefkühl-Heimservice GmbH","Braunschweig","Germany","Verkaufsfahrer (m/w/d), gerne auch Quereinsteiger","meinestadt","Logistik, Lager & Verkehr","Aktualisiert","https://jobs.meinestadt.de/braunschweig/premium?id=100010026531","https://www.eismannjobs.de/zentrale"
"emis@eismann.de","","","eismann Tiefkühl-Heimservice GmbH","Bonn","Germany","Verkaufsfahrer (m/w/d), gerne auch Quereinsteiger","meinestadt","Logistik, Lager & Verkehr","Aktualisiert","https://jobs.meinestadt.de/bonn/premium?id=100010026530","https://www.eismannjobs.de/zentrale"
"emis@eismann.de","","","eismann Tiefkühl-Heimservice GmbH","Bielefeld","Germany","Verkaufsfahrer (m/w/d), gerne auch Quereinsteiger","meinestadt","Logistik, Lager & Verkehr","Aktualisiert","https://jobs.meinestadt.de/bielefeld/premium?id=100010026529","https://www.eismannjobs.de/zentrale"
"emis@eismann.de","","","eismann Tiefkühl-Heimservice GmbH","Bayreuth","Germany","Verkaufsfahrer (m/w/d), gerne auch Quereinsteiger","meinestadt","Logistik, Lager & Verkehr","Aktualisiert","https://jobs.meinestadt.de/bayreuth/premium?id=100010026528","https://www.eismannjobs.de/zentrale"
"emis@eismann.de","","","eismann Tiefkühl-Heimservice GmbH","Bamberg","Germany","Verkaufsfahrer (m/w/d), gerne auch Quereinsteiger","meinestadt","Logistik, Lager & Verkehr","Aktualisiert","https://jobs.meinestadt.de/bamberg/premium?id=100010026527","https://www.eismannjobs.de/zentrale"
"emis@eismann.de","","","eismann Tiefkühl-Heimservice GmbH","Bad Säckingen","Germany","Verkaufsfahrer (m/w/d) - gerne auch Quereinsteiger","meinestadt","Logistik, Lager & Verkehr","Aktualisiert","https://jobs.meinestadt.de/bad-saeckingen/premium?id=100010026526","https://www.eismannjobs.de/zentrale"
"emis@eismann.de","","","eismann Tiefkühl-Heimservice GmbH","Augsburg","Germany","Verkaufsfahrer (m/w/d) - gerne auch Quereinsteiger","meinestadt","Logistik, Lager & Verkehr","Aktualisiert","https://jobs.meinestadt.de/augsburg/premium?id=100010026525","https://www.eismannjobs.de/zentrale"
"emis@eismann.de","","","eismann Tiefkühl-Heimservice GmbH","Aschaffenburg","Germany","Verkaufsfahrer (m/w/d) - gerne auch Quereinsteiger","meinestadt","Logistik, Lager & Verkehr","Aktualisiert","https://jobs.meinestadt.de/aschaffenburg/premium?id=100010026522","https://www.eismannjobs.de/zentrale"
"emis@eismann.de","","","eismann Tiefkühl-Heimservice GmbH","Amberg","Germany","Verkaufsfahrer (m/w/d) - gerne auch Quereinsteiger","meinestadt","Logistik, Lager & Verkehr","Aktualisiert","https://jobs.meinestadt.de/amberg-oberpfalz/premium?id=100010026512","https://www.eismannjobs.de/zentrale"
"emis@eismann.de","","","eismann Tiefkühl-Heimservice GmbH","Aachen","Germany","Verkaufsfahrer (m/w/d) - gerne auch Quereinsteiger","meinestadt","Logistik, Lager & Verkehr","Aktualisiert","https://jobs.meinestadt.de/aachen/premium?id=100010026509","https://www.eismannjobs.de/zentrale"
"karriere@der-metronom.de","","","metronom Eisenbahngesellschaft mbH","Wolfsburg","Germany","Zugbegleiter Quereinstieg ab 01.10.2026 (m/w/d)","meinestadt","Logistik, Lager & Verkehr","11.06.2026","https://jobs.meinestadt.de/wolfsburg-niedersachsen/premium?id=100012458354003","https://nz8ie.app.link/portal-jobs-teaser"
"karriere@der-metronom.de","","","metronom Eisenbahngesellschaft mbH","Hildesheim","Germany","Zugbegleiter Quereinstieg ab 01.10.2026 (m/w/d)","meinestadt","Logistik, Lager & Verkehr","11.06.2026","https://jobs.meinestadt.de/hildesheim/premium?id=100012458354002","https://nz8ie.app.link/portal-jobs-teaser"
"karriere@der-metronom.de","","","metronom Eisenbahngesellschaft mbH","Braunschweig","Germany","Zugbegleiter Quereinstieg ab 01.10.2026 (m/w/d)","meinestadt","Logistik, Lager & Verkehr","11.06.2026","https://jobs.meinestadt.de/braunschweig/premium?id=100012458354001","https://nz8ie.app.link/portal-jobs-teaser"
"colette.duwe@alpla.com","","","KM Packaging GmbH","Gotha","Germany","Fachkraft für Lagerlogistik (m/w/d) am Standort Thüringen in Drei Gleichen, bei Gotha","meinestadt","Logistik, Lager & Verkehr","11.06.2026","https://jobs.meinestadt.de/gotha/premium?id=100012146038002","http://www.km-packaging.com/"
